id,text
1674451519804940288,"#Seamaster

Precision at every level. 

300 metres. The 41 mm Seamaster 300 in stainless steel with matching bracel… https://t.co/VsnKudV9Rs"
1674357234124374017,"#Seamaster 

OMEGA in Mykonos.

Immerse yourself in a mythical setting for a beautiful event, bathed in bold Summer… https://t.co/ynVkBGptH4"
1674009764244738051,"#Seamaster 

Precision at every level.

1200 metres. The Seamaster Ploprof crafted in O-MEGASTEEL, with a sun-brush… https://t.co/RDfHyUT7f9"
1673681524095434752,"#Seamaster

Precision at every level.

Discover the Seamaster in Summer Blue collection. OMEGA's 7-model celebratio… https://t.co/Kr5ir3UKKO"
1673421040381227015,"#Seamaster

OMEGA in Mykonos. 

Be ready for an unforgettable event on the Aegean island to celebrate OMEGA’s ocean… https://t.co/8p8Rje7MK0"
1673028342201700354,"#Seamaster 

Precision at every level.

June 27th. Stay tuned.

#OMEGA https://t.co/RNiy66BlUH"
1672628175103221761,"It’s not just the colours that are special. In the Aqua Terra Shades collection, every detail of the dial is given… https://t.co/L8vbWPGEwf"
1672258342264209410,The magic behind the colours. Take a glimpse inside the OMEGA factory to see how we create the dials of the Aqua Te… https://t.co/yTlvEohelo
1671899272877420544,It takes many steps of craftsmanship to create the many links of a bracelet. OMEGA has mastered each one from start… https://t.co/lVbImT595X
1671537296506535936,"From a raw piece of material, each OMEGA bracelet is born. See how we create beauty around the wrist in the Aqua Te… https://t.co/ELmh3srSRq"
1671489596922777603,"The hands of time. Each one brought to life with genuine savoir-faire. https://t.co/TwVGFtLdSs

#OMEGA… https://t.co/04U6plvRLk"
1670840358186500118,Crafting the hands of the Aqua Terra Shades collection is a true work of art. Down to every last drop of Super-Lumi… https://t.co/trhOGhHpwA
1670446278122037248,"In the office or after-hours, the Constellation is always in style. https://t.co/74SdvAVkC4

#OMEGA… https://t.co/0yQJY3Vcf8"
1670083896296259584,The Speedmaster Moonwatch. A legendary watch for pioneering astronauts - and stylish Dads. https://t.co/ynM9hC0far… https://t.co/xQ9SrxwboK
1669744148893642762,"For Dads who love the classics, the Seamaster Diver is a deep and meaningful gift. https://t.co/WuRkZYVX2z

#OMEGA… https://t.co/2uhBt1GhSg"
1669374214900445185,The inspired choice of Diego Boneta: an Aqua Terra Shades Co-Axial Master Chronometer in saffron.… https://t.co/seSI6jTAV7
1669313811373776897,Diego Boneta’s preferred timepiece: the 38 mm Aqua Terra Shades Co-Axial Master Chronometer.… https://t.co/AwDsLSQgPi
1668996727553007618,OMEGA welcomes Diego Boneta as a new friend of the brand. The actor wears an Aqua Terra Shades timepiece in stainle… https://t.co/FmCpJ0ZQkS
1667562278378520578,#AquaTerraShades: EVERY SHADE OF YOU. Exclusive shots of Zhou Dongyu wearing the Aqua Terra Shades.… https://t.co/kVtnSlCwyl
1667502021165940740,"#AquaTerraShades: EVERY SHADE OF YOU. Behind the scenes of the Aqua Terra Shades campaign, Zhou Dongyu expresses ev… https://t.co/POVppnOxIr"
1667199892039581698,"#AquaTerraShades: EVERY SHADE OF YOU. On set moments with Eddie Redmayne. https://t.co/TwVGFtLdSs

#OMEGA… https://t.co/Kf506IEU7R"
1667139601209671687,#AquaTerraShades: EVERY SHADE OF YOU. Go behind the camera with Eddie Redmayne for the Aqua Terra Shades campaign.… https://t.co/K3bOaJ13wA
1666822410035941382,#AquaTerraShades: EVERY SHADE OF YOU. Our global ambassador Zoë Kravitz in action with the Aqua Terra Shades.… https://t.co/jXdQWQ3N2m
1666121923464503296,#AquaTerraShades: EVERY SHADE OF YOU. The director's view. Zoë Kravitz shoots scenes for the Aqua Terra Shades camp… https://t.co/WCnCeYHprG
1665010455033544707,The gradient dial of the 45.5 mm Seamaster Ultra Deep in O-MEGASTEEL transitions from grey to black.… https://t.co/psqEpooh0f
1664648065897070593,"Four Arabic numerals in orange and 18K white gold hands and hour markers. https://t.co/iA9ejSSg9f

#OMEGA… https://t.co/qMg5ZNgNDU"
1664285684197126145,"A polished orange ceramic bezel with diving scale in liquid ceramic. https://t.co/iA9ejSSg9f

Discover more via lin… https://t.co/kFjslCRxSe"
1663938395771371523,"Rhodium-plated hands and 18K white gold indexes shaped like sailboat hulls, with iridescent mother-of-pearl inlays.… https://t.co/7A4mjhBT62"
1663880513726152704,The 38 mm Seamaster Aqua Terra in stainless steel presented on a polished and brushed bracelet.… https://t.co/DvLnUzfCnx
1663560912480133134,A sun-brushed dark green dial with date window and small seconds subdial framed within an 18K white gold ring.… https://t.co/cay7Qb9Bwm
